fecha;Viento_prom_ms;Viento_max_ms;Dir_viento_deg;T_aire_C;Punto_rocio_C;Hs_m;Ts_s;Tp_s;Dir_deg;T_agua;Hmax_m;hora_utc_usada;hora_objetivo_utc;Q_m3s;nivel_rel_m;marea_estado;area_km2;marea_subiendo
2023-10-25;2.6;4.1;231;9.5;8.9;2.01;8.9;9.5;217.4;12.58;2.74;13;13;34.907;0.412;bajando;6.554;0
2023-11-19;2.8;3.7;202;11.8;9.9;2.08;10.2;11.8;220.8;12.7;3.01;13;13;122.714;-0.419;bajamar;1.824;0
2023-11-29;6.8;8.3;223;12.7;11.3;1.87;7.9;8.7;226.7;13.07;3.22;13;13;235.764;-0.109;subiendo;4.395;1
2023-12-04;3.6;5.1;218;9.7;9.1;2.81;10.0;12.5;223.5;11.73;5.76;13;13;190.767;-0.29;bajando;13.56;0
2023-12-09;5.3;6.5;213;12.2;10.6;1.87;8.3;8.7;216.8;12.69;2.97;13;13;202.489;0.19;bajando;1.459;0
2023-12-24;1.9;3.1;353;14.3;10.5;1.74;9.1;11.1;221.6;15.42;3.17;13;13;241.198;0.238;pleamar;8.466;0
2023-12-29;1.0;1.5;53;15.8;13.2;0.94;10.6;11.8;229.1;16.63;1.47;13;13;226.81;-0.237;subiendo;5.882;1
2024-01-03;2.8;3.7;298;15.4;13.7;1.89;9.4;14.3;220.8;17.33;3.28;13;13;209.326;-0.301;bajamar;10.241;0
2024-01-08;9.3;11.3;237;16.2;13.0;1.88;7.4;15.4;231.9;15.49;2.76;18;13;211.042;0.145;pleamar;1.369;0
2024-01-18;0.5;1.3;224;12.1;11.6;2.2;8.4;13.3;223.3;13.54;3.59;13;13;149.841;-0.431;bajando;7.785;0
2024-02-02;4.8;5.8;212;14.7;14.1;1.83;9.1;12.5;216.4;19.0;2.91;13;13;124.081;-0.262;bajamar;3.811;0
2024-02-07;0.8;1.8;148;13.7;13.2;1.96;10.7;13.3;231.5;15.74;2.91;13;13;103.04;0.127;pleamar;4.326;0
2024-02-12;3.5;4.8;216;14.9;13.0;2.07;9.5;12.5;225.0;16.32;2.91;13;13;88.437;-0.07400000000000001;;6.972;0
2024-02-17;6.1;7.3;218;13.6;13.1;2.03;9.2;12.5;233.7;15.89;2.82;13;13;64.514;-0.22;bajamar;3.608;0
2024-03-03;1.5;2.4;67;15.6;13.2;2.13;8.8;9.5;216.1;16.47;3.12;13;13;51.221;-0.269;bajamar;2.592;0
2024-03-08;3.0;3.7;173;14.1;9.5;1.3;10.4;12.5;222.2;17.84;2.29;13;13;47.697;0.23;pleamar;5.399;0
2024-03-13;7.4;9.2;213;14.3;12.5;2.5;8.9;11.1;242.8;14.78;4.24;13;13;43.496;-0.07400000000000001;;2.324;0
2024-04-07;6.3;7.5;228;12.8;10.9;1.72;9.7;15.4;223.5;12.94;3.25;14;14;38.744;0.492;bajando;5.92;0
2024-04-17;4.4;5.3;203;13.8;10.6;2.2;13.3;14.3;223.2;13.69;3.75;14;14;37.229;-0.024;bajamar;2.115;0
2024-04-27;6.0;7.6;212;12.0;7.6;3.18;12.6;13.3;224.3;12.88;4.34;14;14;35.0;0.315;subiendo;2.144;1
2024-05-12;4.5;5.3;169;9.6;6.5;1.09;8.4;9.1;210.5;11.91;1.75;14;14;58.63;0.05;subiendo;5.445;1
2024-05-17;2.6;3.5;67;10.0;7.9;0.99;9.1;15.4;236.4;11.96;1.55;14;14;53.023;-0.083;bajando;5.335;0
2024-06-01;5.8;6.9;204;10.8;9.9;0.96;9.0;11.8;235.9;12.57;1.55;14;14;77.096;-0.159;bajando;5.067;0
2024-10-24;6.5;7.8;227;12.4;11.6;1.99;11.0;12.5;227.2;13.68;3.17;13;13;135.258;-0.331;bajando;1.984;0
2024-11-08;2.4;3.6;251;11.7;10.7;1.63;8.8;11.1;224.5;11.79;2.23;13;13;105.565;-0.353;bajando;2.371;0
2024-11-13;4.5;5.5;319;11.8;10.6;2.39;8.9;9.1;218.5;11.49;3.96;13;13;104.303;0.437;bajando;1.072;0
2024-11-23;2.8;4.2;240;12.1;11.5;1.85;12.2;14.3;238.5;12.69;2.56;13;13;119.979;-0.178;bajando;4.376;0
2024-11-28;3.9;5.2;230;11.7;9.8;1.65;7.7;6.3;225.2;12.63;2.48;13;13;125.449;0.268;subiendo;1.396;1
2024-12-03;2.2;4.0;25;13.1;11.0;2.53;10.1;13.3;213.2;12.86;3.96;13;13;90.816;-0.158;subiendo;4.165;1
2024-12-08;0.3;0.8;210;13.9;9.2;1.63;9.8;13.3;230.6;13.52;2.56;13;13;81.558;-0.44;bajando;7.268;0
2024-12-13;5.6;6.7;228;12.9;11.5;1.68;7.5;7.1;226.4;13.37;2.66;13;13;89.627;0.276;pleamar;5.888;0
2024-12-18;0.2;1.4;16;13.6;11.1;2.29;8.7;8.7;222.8;14.08;4.18;13;13;110.72;-0.437;subiendo;3.288;1
2024-12-23;3.2;4.2;348;12.8;12.3;2.37;8.2;8.7;225.4;13.36;3.61;13;13;109.422;-0.309;bajando;10.21;0
2024-12-28;1.1;1.6;127;15.3;13.3;1.42;12.5;16.7;250.7;16.18;2.57;13;13;90.816;0.154;pleamar;6.553;0
2025-01-02;2.3;3.1;243;12.6;11.5;2.17;9.7;9.1;224.7;15.38;3.43;13;13;101.778;-0.203;subiendo;3.672;1
2025-01-17;4.1;5.4;209;13.2;11.2;2.27;8.9;11.8;236.5;14.65;3.39;13;13;61.513;-0.381;subiendo;1.922;1
2025-01-22;4.2;5.7;213;14.4;11.8;1.71;9.8;11.8;238.5;14.55;2.69;13;13;54.866;-0.256;bajamar;3.027;0
2025-01-27;6.4;7.7;231;12.9;12.0;1.31;7.3;14.3;230.0;12.66;2.33;13;13;68.592;0.112;pleamar;4.567;0
2025-02-06;5.4;6.8;227;13.2;12.1;1.74;7.2;7.4;229.7;13.19;2.88;13;13;41.898;-0.07400000000000001;;1.801;0
2025-02-11;2.0;2.9;140;14.9;13.7;2.2;8.5;8.7;220.3;16.58;3.57;13;13;56.708;0.232;subiendo;13.757;1
2025-02-16;2.8;3.7;196;12.2;10.2;1.55;7.3;6.5;220.8;14.61;2.3;13;13;47.697;-0.253;subiendo;4.268;1
2025-02-26;1.3;2.5;25;13.2;12.7;2.23;9.2;8.0;221.7;16.19;4.12;13;13;41.099;0.277;pleamar;1.806;0
2025-03-03;3.0;4.0;215;15.3;12.8;1.26;14.0;14.3;239.8;16.65;2.35;13;13;41.898;-0.181;subiendo;1.548;1
2025-03-08;7.4;8.7;226;14.2;11.3;1.94;7.7;7.4;231.8;14.07;3.04;13;13;41.898;-0.033;bajamar;1.561;0
2025-03-13;2.2;3.0;6;15.1;13.1;1.71;8.3;9.1;225.8;14.29;2.95;13;13;35.0;0.373;subiendo;2.097;1
2025-03-18;4.5;6.0;222;15.3;13.1;2.68;10.5;15.4;227.5;14.77;4.5;13;13;36.472;0.017;subiendo;1.453;1
2025-03-23;2.5;3.7;325;13.6;12.2;3.36;10.5;10.0;223.8;14.03;6.5;13;13;41.099;-0.045;bajamar;0.838;0
2025-04-02;5.8;7.1;230;12.3;10.3;1.88;8.5;18.2;234.7;12.81;2.71;14;14;51.221;-0.197;subiendo;12.068;1
2025-04-07;4.7;6.1;242;13.4;11.1;1.41;10.0;10.5;246.9;14.07;2.33;14;14;51.221;-0.004;bajando;4.736;0
2025-04-12;5.1;6.2;227;11.9;7.7;2.02;9.8;12.5;226.2;12.79;3.15;14;14;46.017;0.54;pleamar;6.124;0
2025-04-19;0.2;1.6;59;12.1;9.4;1.83;9.6;11.1;219.5;12.5;2.65;14;14;44.336;0.059;subiendo;0.075;1
2025-04-27;6.7;8.1;223;12.4;8.8;2.2;8.9;10.0;237.4;12.99;4.28;14;14;53.023;0.806;pleamar;3.736;0
2025-05-02;4.6;5.8;211;12.5;9.8;3.36;13.5;14.3;234.0;12.38;5.1;14;14;51.221;0.027;subiendo;3.669;1
2025-05-27;8.0;9.2;182;10.4;6.8;2.55;10.8;13.3;241.7;13.6;4.94;14;14;109.422;0.889;pleamar;7.515;0
2025-06-01;5.0;6.3;204;10.4;6.0;2.4;11.0;14.3;232.0;11.83;3.75;14;14;76.019;-0.105;subiendo;6.964;1
2025-06-18;6.8;8.0;195;10.7;8.1;1.77;10.0;11.1;236.9;12.78;2.47;14;14;95.611;-0.186;subiendo;9.092;1
2025-06-26;5.5;6.9;202;8.5;4.7;2.64;12.1;14.3;226.9;12.57;4.53;14;14;83.826;0.81;subiendo;6.304;1
2025-07-01;3.9;4.7;188;8.2;4.5;1.52;13.2;15.4;245.8;11.6;2.62;14;14;77.096;-0.276;subiendo;5.255;1
2025-07-11;7.5;8.9;192;8.1;5.1;2.32;10.0;16.7;228.5;11.97;4.17;14;14;74.941;0.756;subiendo;5.532;1
2025-07-16;5.2;6.2;182;9.4;4.4;2.14;9.0;13.3;235.2;11.83;2.98;15;14;72.786;-0.233;subiendo;3.803;1
2025-08-20;0.0;0.0;212;12.6;;1.63;10.7;9.5;245.3;13.45;2.43;14;14;62.513;0.562;bajando;5.711;0
2025-08-25;0.0;0.3;205;11.9;;2.6;9.1;12.5;229.4;12.97;4.28;14;14;90.816;0.394;subiendo;6.309;1
2025-09-04;0.1;0.3;209;9.2;;2.23;9.1;14.3;230.8;12.35;3.38;14;14;74.941;0.276;bajando;4.798;0
2025-09-09;0.0;0.1;83;10.8;;1.01;13.0;15.4;259.6;12.74;1.92;14;14;68.592;0.324;subiendo;2.756;1
2025-09-19;0.2;0.3;12;10.6;;1.4;8.9;8.7;264.2;12.89;2.14;14;14;53.944;0.691;pleamar;9.456;0
2025-09-24;0.1;0.3;228;12.6;;1.04;6.2;14.3;222.1;12.93;1.85;14;14;50.34;0.1;subiendo;5.37;1
2025-09-29;0.0;0.3;217;12.0;;3.34;11.3;13.3;230.2;12.19;5.36;14;14;68.592;-0.286;bajamar;5.431;0
2025-10-06;0.0;0.2;208;11.0;;2.61;9.5;13.3;233.3;11.98;4.03;13;13;74.941;0.588;subiendo;0.411;1
2025-10-09;0.1;0.3;236;8.9;;2.51;9.7;8.7;225.8;11.73;3.64;13;13;37.229;0.022;subiendo;14.357;1
2025-10-24;0.0;0.2;222;12.1;;2.31;12.2;13.3;230.9;12.93;3.94;13;13;30.794;-0.148;subiendo;0.137;1
2025-10-26;0.0;0.3;227;11.8;;2.23;9.1;13.3;227.9;11.59;3.47;13;13;31.466;-0.379;subiendo;1.908;1
2025-10-29;0.0;0.2;226;12.2;;1.51;11.2;22.2;245.7;13.5;2.26;13;13;26.887;-0.289;bajando;0.038;0
2025-11-13;0.0;0.0;0;12.4;11.3;2.38;8.6;9.1;222.6;12.52;3.96;13;13;25.042;-0.087;bajando;3.808;0
2025-11-28;0.0;0.0;32;16.1;13.0;1.08;11.1;12.5;250.6;16.18;1.59;13;13;57.669;-0.201;bajando;1.652;0
2025-12-05;0.0;0.0;0;15.2;14.1;2.35;11.2;13.3;217.8;14.71;3.32;13;13;45.176;0.205;subiendo;2.427;1
2025-12-13;0.0;0.0;0;15.7;12.7;1.25;10.0;11.1;221.3;17.28;1.94;13;13;31.466;-0.065;bajando;0.738;0
2025-12-23;0.0;0.0;0;13.7;11.6;1.17;6.3;5.4;224.0;13.68;1.91;13;13;21.072;-0.294;subiendo;1.196;1
2025-12-25;0.0;0.0;0;12.9;11.7;2.21;8.1;8.3;218.6;12.32;3.28;13;13;16.596;-0.566;bajamar;0.364;0
2025-12-28;0.0;0.0;0;13.7;12.8;1.96;8.8;11.1;214.6;12.85;2.75;13;13;18.993;-0.349;bajando;0.55;0
2026-01-07;0.0;0.0;0;17.1;16.0;1.27;9.3;12.5;231.7;16.55;2.13;13;13;31.466;-0.501;subiendo;0.841;1
2026-01-17;0.0;0.0;0;14.0;12.7;2.46;9.1;9.5;216.5;14.44;3.74;13;13;15.239;0.148;subiendo;0.935;1
2026-01-22;0.0;0.0;0;15.3;13.1;1.45;10.3;13.3;234.7;16.25;2.61;13;13;25.628;-0.248;subiendo;0.271;1
2026-01-27;0.0;0.0;0;15.6;14.5;1.69;11.6;12.5;222.1;16.98;2.42;13;13;40.3;-0.212;bajando;2.149;0
